bodyId,type,instance
294792184,M_vPNml53,M_vPNml53_R
329599710,M_lvPNm32,M_lvPNm32_R
356818551,LPN,LPN_R
417199910,M_lvPNm36,M_lvPNm36_R
450034902,LPN,LPN_R
480029788,LPN,LPN_R
480927537,M_vPNml70,M_vPNml70_R
481268653,M_vPNml89,M_vPNml89_R
509626405,VP1l+_lvPN,VP1l+_lvPN_R
541632990,M_vPNml70,M_vPNml70_R
542311358,M_vPNml69,M_vPNml69_R
542634818,DM1_lPN,DM1_lPN_R
542652506,DM4_vPN,DM4_vPN_R
542665377,M_vPNml79,M_vPNml79_R
543010474,VP4+_vPN,VP4+_vPN(mlALT)_R
544021095,DA4l_adPN,DA4l_adPN_R
572663539,M_vPNml87,M_vPNml87_R
573333835,DM4_adPN,DM4_adPN_R
573669915,M_vPNml83,M_vPNml83_R
574032862,VA5_lPN,VA5_lPN_R
574037266,DA4m_adPN,DA4m_adPN_R
574037281,VA5_lPN,VA5_lPN_R
574374051,VA5_lPN,VA5_lPN_R
577542489,M_lvPNm24,M_lvPNm24_R
603349484,M_vPNml85,M_vPNml85_R
603785283,VP1l+VP3_ilPN,VP1l+VP3_ilPN
604031203,DM4_vPN,DM4_vPN_R
604726283,M_vPNml77,M_vPNml77_R
605050789,M_vPNml84,M_vPNml84_R
606090268,VC1_lPN,VC1_lPN_R
609924156,M_lvPNm39,M_lvPNm39_R
610274029,M_vPNml50,M_vPNml50_R
610274046,M_vPNml50,M_vPNml50_R
630714299,DM2_lPN,DM2_lPN_R
632751823,VC5_lvPN,VC5_lvPN_R
634379734,M_vPNml88,M_vPNml88_R
634707780,M_vPNml58,M_vPNml58_R
634759240,VP4_vPN,VP4_vPN(mlALT)_R
635048729,DP1m_vPN,DP1m_vPN_R
635062078,DP1m_adPN,DP1m_adPN_R
635407942,M_vPNml85,M_vPNml85_R
635416407,DM5_lPN,DM5_lPN_R
636418270,M_vPNml58,M_vPNml58_R
636789080,VC5_adPN,VC5_adPN_R
637462647,M_vPNml80,M_vPNml80_R
639276164,M_lvPNm25,M_lvPNm25_R
662776660,VC3m_lvPN,VC3m_lvPN_R
663432544,VP3+_vPN,VP3+_vPN(t10ALT)_R
663787020,VP1m+_lvPN,VP1m+_lvPN(t2ALT)_R
664814903,VP1m+_lvPN,VP1m+_lvPN(t2ALT)_R
666135689,DA3_adPN,DA3_adPN_R
666818300,V_l2PN,V_l2PN_R
667823920,M_vPNml56,M_vPNml56_R
693125078,VC3l_adPN,VC3l_adPN_R
693479072,VM7v_adPN,VM7v_adPN_R
693483018,DL5_adPN,DL5_adPN_R
694834412,VM4_adPN,VM4_adPN_R
697132371,VM2_adPN,VM2_adPN_R
697145036,M_vPNml83,M_vPNml83_R
697485362,DM5_lPN,DM5_lPN_R
697844568,M_lvPNm40,M_lvPNm40_R
697848868,DC4_vPN,DC4_vPN_R
698508565,V_ilPN,V_ilPN
698526273,M_vPNml74,M_vPNml74_R
698565676,Z_lvPNm1,Z_vPNml1(noAL+SEZ)_R
698569832,Z_lvPNm1,Z_vPNml1(noAL+SEZ)_R
698970725,WEDPN12,WEDPN12_R
722817260,DA1_lPN,DA1_lPN_R
724816115,DP1l_adPN,DP1l_adPN_R
726207450,VM4_lvPN,VM4_lvPN_R
727472481,VM2_adPN,VM2_adPN_R
727855437,M_vPNml71,M_vPNml71_R
729219639,M_vPNml74,M_vPNml74_R
729544359,M_vPNml84,M_vPNml84_R
729608317,Z_lvPNm1,Z_vPNml1(noAL+SEZ)_R
730213826,DP1l_vPN,DP1l_vPN_R
730252777,M_lvPNm41,M_lvPNm41_R
731690040,M_spPN5t10,M_spPN5t10(PVM01)_L
733316908,DA1_vPN,DA1_vPN_R
754534424,DA1_lPN,DA1_lPN_R
754538881,DA1_lPN,DA1_lPN_R
754854077,VC4_adPN,VC4_adPN_R
755518957,DM3_adPN,DM3_adPN_R
757258507,M_lvPNm45,M_lvPNm45_R
757556799,VL1_vPN,VL1_vPN_R
757569579,M_lvPNm44,M_lvPNm44_R
757591093,M_lvPNm45,M_lvPNm45_R
759922408,M_vPNml74,M_vPNml74_R
760250272,M_vPNml84,M_vPNml84_R
760250511,M_vPNml78,M_vPNml78_R
760264077,M_vPNml74,M_vPNml74_R
761938645,M_vPNml67,M_vPNml67_R
762982753,M_adPNm5,M_adPNm5_R
763730414,M_smPNm1,M_smPNm1_L
788306624,DM6_adPN,DM6_adPN_R
788306724,VC4_adPN,VC4_adPN_R
788648194,DL2d_adPN,DL2d_adPN_R
788940872,M_adPNm6,M_adPNm6_R
788945049,M_adPNm8,M_adPNm8_R
791298858,M_vPNml84,M_vPNml84_R
792023887,M_lvPNm45,M_lvPNm45_R
792024028,M_lvPNm43,M_lvPNm43_R
792364888,Z_vPNml1,Z_vPNml1(noAL+SEZ)_R
792616185,M_vPNml59,M_vPNml59_R
818983130,DA2_lPN,DA2_lPN_R
819993149,M_lPNm11A,M_lPNm11A_R
823037476,M_vPNml52,M_vPNml52_R
823314446,DL2d_vPN,DL2d_vPN_R
824353701,VL2p_vPN,VL2p_vPN_R
850375847,VA1d_adPN,VA1d_adPN_R
850703925,M_lPNm11B,M_lPNm11B_R
850708783,M_lvPNm48,M_lvPNm48_R
850708902,M_lPNm11C,M_lPNm11C_R
850717220,VP1l+VP3_ilPN,VP1l+VP3_ilPN
851684181,M_lvPNm42,M_lvPNm42_R
853726809,WEDPN2B,WEDPN2B_R
856071065,VA1v_vPN,VA1v_vPN_R
856131667,WEDPN6A,WEDPN6A_R
882353566,M_vPNml68,M_vPNml68_R
885788485,WEDPN2A,WEDPN2A_R
885794269,WEDPN7B,WEDPN7B_R
886134689,WEDPN11,WEDPN11_R
886812643,M_vPNml55,M_vPNml55_R
887105351,VA1v_vPN,VA1v_vPN_R
915451074,WEDPN2A,WEDPN2A_R
916828438,WEDPN2B,WEDPN2B_R
947513805,M_vPNml62,M_vPNml62_R
947858407,WEDPN8C,WEDPN8C_R
948834414,VL2a_vPN,VL2a_vPN_R
973765182,WEDPN2A,WEDPN2A_R
975457916,M_vPNml60,M_vPNml60_R
976830572,M_vPNml60,M_vPNml60_R
977866721,M_vPNml65,M_vPNml65_R
1005490210,WEDPN6A,WEDPN6A_R
1006258344,VM5d_adPN,VM5d_adPN_R
1006854683,WEDPN3,WEDPN3_R
1036863032,WEDPN17_a,WEDPN17_a_R
1037293275,M_l2PNm16,M_l2PNm16_R
1037518512,M_vPNml67,M_vPNml67_R
1039237469,M_vPNml61,M_vPNml61_R
1040609241,WEDPN7B,WEDPN7B_R
1040609541,WEDPN8D,WEDPN8D_R
1067215615,WEDPN8B,WEDPN8B_R
1069223047,WEDPN1A_b,WEDPN1A_b_R
1069929827,M_vPNml57,M_vPNml57_R
1070613107,M_vPNml61,M_vPNml61_R
1080886521,WEDPN14,WEDPN14_R
1098928012,WEDPN10B,WEDPN10B_R
1099911913,M_vPNml64,M_vPNml64_R
1102334088,M_lv2PN9t49,M_lv2PN9t49_R
1131310385,WEDPN6A,WEDPN6A_R
1163367993,WEDPN7A,WEDPN7A_R
1163713145,WEDPN16_c,WEDPN16_c_R
1192019859,WEDPN17_a,WEDPN17_a_R
1193378968,WEDPN7B,WEDPN7B_R
1194070053,WEDPN16_c,WEDPN16_c_R
1223388206,WEDPN17_a,WEDPN17_a_R
1224069121,WEDPN17_c,WEDPN17_c_R
1224069760,WEDPN16_a,WEDPN16_a_R
1224073798,WEDPN17_b,WEDPN17_b_R
1225100939,VP2+VC5_l2PN,VP2+VC5_l2PN(lALT)_R
1286134810,WEDPN6B,WEDPN6B_R
1316245799,M_spPN4t9,M_spPN4t9_R
1318184105,WEDPN6C,WEDPN6C_R
1318870786,WEDPN6B,WEDPN6B_R
1322012611,M_vPNml64,M_vPNml64_R
1322353714,M_vPNml66,M_vPNml66_R
1322353824,M_vPNml75,M_vPNml75_R
1322353841,M_vPNml77,M_vPNml77_R
1386858837,WEDPN17_a,WEDPN17_a_R
1411784734,M_lvPNm25,M_lvPNm25_R
1415825344,M_vPNml63,M_vPNml63_R
1415829574,M_vPNml72,M_vPNml72_R
1418909155,WEDPN17_a,WEDPN17_a_R
1440645010,WEDPN1A_a,WEDPN1A_a_R
1441659409,WEDPN16_d,WEDPN16_d_R
1442819296,VC3m_lvPN,VC3m_lvPN_R
1447201088,DC4_vPN,DC4_vPN_R
1447205602,M_vPNml83,M_vPNml83_R
1447205712,M_vPNml77,M_vPNml77_R
1448578991,WEDPN16_d,WEDPN16_d_R
1448924003,WEDPN17_b,WEDPN17_b_R
1448924172,WEDPN16_d,WEDPN16_d_R
1501371238,WEDPN6B,WEDPN6B_R
1504889437,M_lvPNm38,M_lvPNm38_R
1508615283,WEDPN8D,WEDPN8D_R
1512686574,WEDPN16_b,WEDPN16_b_R
1536947502,D_adPN,D_adPN_R
1539309050,WEDPN8A,WEDPN8A_R
1539978151,M_vPNml76,M_vPNml76_R
1565802648,WEDPN8C,WEDPN8C_R
1570684665,M_vPNml54,M_vPNml54_R
1570685033,M_vPNml54,M_vPNml54_R
1570685132,M_vPNml76,M_vPNml76_R
1570685224,M_vPNml53,M_vPNml53_R
1570685257,M_vPNml72,M_vPNml72_R
1570685283,DM3_vPN,DM3_vPN_R
1571025824,M_vPNml86,M_vPNml86_R
1573741727,WEDPN5,WEDPN5_R
1574752002,WEDPN16_b,WEDPN16_b_R
1595477160,WEDPN6C,WEDPN6C_R
1603736585,WEDPN17_c,WEDPN17_c_R
1605786832,WEDPN18,WEDPN18_R
1607155570,WEDPN7C,WEDPN7C_R
1609542060,DL3_lPN,DL3_lPN_R
1609883245,DL3_lPN,DL3_lPN_R
1630048134,WEDPN9,WEDPN9_R
1630051981,VA4_lPN,VA4_lPN_R
1630734360,M_lPNm11A,M_lPNm11A_R
1639234609,VP1d_il2PN,VP1d_il2PN(dALT)
1639243580,VP1d_il2PN,VP1d_il2PN(dALT)
1640568102,DL3_lPN,DL3_lPN_R
1640594274,DC1_adPN,DC1_adPN_R
1661769627,M_l2PN3t18,M_l2PN3t18_R
1667170670,WEDPN17_c,WEDPN17_c_R
1667170776,WEDPN17_c,WEDPN17_c_R
1670597454,M_lvPNm35,M_lvPNm35_R
1670934213,DL4_adPN,DL4_adPN_R
1670969304,M_lvPNm28,M_lvPNm28_R
1670973150,M_lvPNm27,M_lvPNm27_R
1671608112,M_ilPNm90,M_ilPNm90_R
1671638278,M_l2PNl20,M_l2PNl20_R
1671952694,M_lvPNm24,M_lvPNm24_R
1672293837,M_lvPNm29,M_lvPNm29_R
1692817033,VA7l_adPN,VA7l_adPN_R
1693486219,M_lPNm13,M_lPNm13_R
1693827279,M_adPNm8,M_adPNm8_R
1694850602,M_vPNml89,M_vPNml89_R
1700307582,M_l2PNl21,M_l2PNl21_R
1700937093,DL1_adPN,DL1_adPN_R
1700946301,DL1_adPN,DL1_adPN_R
1701299822,M_imPNl92,M_imPNl92_R
1701325725,M_vPNml73,M_vPNml73_R
1702306047,M_ilPN8t91,M_ilPN8t91_R
1703683361,DA3_adPN,DA3_adPN_R
1723506321,M_l2PNm14,M_l2PNm14_R
1727979406,VP1d+VP4_l2PN1,VP1d+VP4_l2PN1_R
1730656082,M_lvPNm26,M_lvPNm26_R
1732313117,M_lvPNm40,M_lvPNm40_R
1733370882,M_spPN5t10,M_spPN5t10_R
1733677514,M_l2PNm16,M_l2PNm16_R
1734350788,DA1_lPN,DA1_lPN_R
1734350908,DA1_lPN,DA1_lPN_R
1734420152,DL2v_adPN,DL2v_adPN_R
1755556097,VP3+VP1l_ivPN,VP3+VP1l_ivPN
1755556277,M_l2PN3t18,M_l2PN3t18_R
1756579280,DL2d_adPN,DL2d_adPN_R
1759999022,M_lvPNm33,M_lvPNm33_R
1762674761,M_adPNm8,M_adPNm8_R
1764091241,DM6_adPN,DM6_adPN_R
1765040289,DA1_lPN,DA1_lPN_R
1765415970,M_lvPNm41,M_lvPNm41_R
1788300760,VA1v_adPN,VA1v_adPN_R
1788676257,VP3+_l2PN,VP3+_l2PN(t10ALT)_R
1788680591,M_l2PN10t19,M_l2PN10t19_R
1788685103,M_l2PN10t19,M_l2PN10t19_R
1789013008,VP4+VL1_l2PN,VP4+VL1_l2PN(t3ALT)_R
1793014716,DL2d_adPN,DL2d_adPN_R
1793351401,DL2d_adPN,DL2d_adPN_R
1793403571,M_l2PNl22,M_l2PNl22_R
1794055377,M_l2PNm15,M_l2PNm15_R
1795410644,M_lvPNm41,M_lvPNm41_R
1796817841,DA2_lPN,DA2_lPN_R
1796818119,DA2_lPN,DA2_lPN_R
1797505019,DA2_lPN,DA2_lPN_R
1818307672,VC3m_lvPN,VC3m_lvPN_R
1819326555,M_vPNml89,M_vPNml89_R
1819957885,WEDPN7B,WEDPN7B_R
1825085656,M_lPNm11D,M_lPNm11D_R
1825440160,MZ_lv2PN,MZ_lv2PN_R
1827473315,M_lvPNm42,M_lvPNm42_R
1827516355,DA2_lPN,DA2_lPN_R
1827861966,M_lPNm11D,M_lPNm11D_R
1828206773,DC2_adPN,DC2_adPN_R
1849683877,M_lvPNm46,M_lvPNm46_R
1849684319,VC5_lvPN,VC5_lvPN_R
1850024931,VM4_lvPN,VM4_lvPN_R
1850706912,VC2_lPN,VC2_lPN_R
1850711304,VM1_lPN,VM1_lPN_R
1851061177,VA1d_adPN,VA1d_adPN_R
1851389175,VM3_adPN,VM3_adPN_R
1851393805,VM7d_adPN,VM7d_adPN_R
1856820042,M_lvPNm47,M_lvPNm47_R
1856833015,M_lPNm12,M_lPNm12_R
1857143769,M_vPNml63,M_vPNml63_R
1857148391,M_lPNm11D,M_lPNm11D_R
1857825571,DC3_adPN,DC3_adPN_R
1858171399,DC3_adPN,DC3_adPN_R
1858901026,VP2+_adPN,VP2+_adPN_R
1881059780,VP1m+VP2_lvPN2,VP1m+VP2_lvPN2_R
1881401277,VP1m+VP2_lvPN1,VP1m+VP2_lvPN1_R
1881751117,VA6_adPN,VA6_adPN_R
1882083076,VA7m_lPN,VA7m_lPN_R
1883042152,WEDPN16_a,WEDPN16_a_R
1883443112,VP3+_l2PN,VP3+_l2PN(t10ALT)_R
1886132855,M_adPNm7,M_adPNm7_R
1887163927,M_lPNm11D,M_lPNm11D_R
1887872301,M_adPNm4,M_adPNm4_R
1888178718,M_lv2PN9t49,M_lv2PN9t49_R
1888213190,M_adPNm4,M_adPNm4_R
1888524453,VA1d_vPN,VA1d_vPN_R
1888572074,VM5d_adPN,VM5d_adPN_R
1889253763,VM7v_adPN,VM7v_adPN_R
1889253785,VA3_adPN,VA3_adPN_R
1889883818,VL2a_vPN,VL2a_vPN_R
1912435859,M_lvPNm47,M_lvPNm47_R
1912777226,M_lvPNm48,M_lvPNm48_R
1912789965,VL1_ilPN,VL1_ilPN
1914140664,VM5d_adPN,VM5d_adPN_R
1914823337,VC3l_adPN,VC3l_adPN_R
1914823414,VM5d_adPN,VM5d_adPN_R
1916528384,M_adPNm5,M_adPNm5_R
1917188956,M_lPNm11D,M_lPNm11D_R
1917866877,M_l2PNl23,M_l2PNl23_R
1932518410,WEDPN13,WEDPN13_R
1943811511,M_lvPNm31,M_lvPNm31_R
1943811736,VP1m+VP2_lvPN2,VP1m+VP2_lvPN2_R
1943812176,VP1m+VP2_lvPN2,VP1m+VP2_lvPN2_R
1944502935,VP1m+VP5_ilPN,VP1m+VP5_ilPN
1944507292,VL2p_adPN,VL2p_adPN_R
1965590743,WEDPN19,WEDPN19_R
1974846717,MZ_lvPN,MZ_lvPN(multiAL+SEZ)_R
1975187554,M_lvPNm48,M_lvPNm48_R
1975187675,VP1m+VP2_lvPN2,VP1m+VP2_lvPN2_R
1975878958,VP2_adPN,VP2_adPN_R
1977579449,VA2_adPN,VA2_adPN_R
1977916288,VM3_adPN,VM3_adPN_R
2010992546,VM5v_adPN,VM5v_adPN_R
2030342003,WEDPN1A_b,WEDPN1A_b_R
2038617453,VP5+VP2_l2PN,VP5+VP2_l2PN(t10ALT)_R
2040344064,M_adPNm5,M_adPNm5_R
2061028219,WEDPN8B,WEDPN8B_R
2064165421,V_ilPN,V_ilPN
2065197353,VP5+VP3_l2PN,VP5+VP3_l2PN(t10ALT)_R
2065533721,WEDPN8C,WEDPN8C_R
2065879191,WEDPN15,WEDPN15_R
2069644133,VP5+_l2PN,VP5+_l2PN(t10ALT)_R
2069648663,VP1m+VP5_ilPN,VP1m+VP5_ilPN
2096909882,WEDPN14,WEDPN14_R
2096909904,WEDPN8C,WEDPN8C_R
2096914287,WEDPN8C,WEDPN8C_R
2100010400,VP5+VP2_l2PN,VP5+VP2_l2PN(t10ALT)_R
2123096640,WEDPN8A,WEDPN8A_R
2166133204,VL1_ilPN,VL1_ilPN
2214504597,WEDPN1A_b,WEDPN1A_b_R
2214846055,WEDPN1B,WEDPN1B_R
2289223313,VP1l+_lvPN,VP1l+_lvPN_R
2383731281,M_vPNml51,M_vPNml51_R
5812982656,M_smPN6t2,M_smPN6t2_L
5812983053,M_vPNml60,M_vPNml60_R
5812983069,M_lPNm13,M_lPNm13_R
5812989041,WEDPN13,WEDPN13_R
5812991215,WEDPN7C,WEDPN7C_R
5812991267,WEDPN7C,WEDPN7C_R
5812991410,WEDPN15,WEDPN15_R
5812992940,M_lvPNm46,M_lvPNm46_R
5812992942,M_lvPNm37,M_lvPNm37_R
5812995098,VC5_lvPN,VC5_lvPN_R
5812995298,M_lvPNm35,M_lvPNm35_R
5812995328,M_lvPNm26,M_lvPNm26_R
5812996003,M_vPNml72,M_vPNml72_R
5812996748,VP1l+_lvPN,VP1l+_lvPN_R
5813000276,VC3l_adPN,VC3l_adPN_R
5813000952,WEDPN13,WEDPN13_R
5813003188,WEDPN13,WEDPN13_R
5813008771,M_vPNml53,M_vPNml53_R
5813013823,M_vPNml87,M_vPNml87_R
5813013913,WEDPN3,WEDPN3_R
5813014622,M_vPNml82,M_vPNml82_R
5813015982,WEDPN7A,WEDPN7A_R
5813018784,WEDPN15,WEDPN15_R
5813020138,WEDPN3,WEDPN3_R
5813023929,WEDPN13,WEDPN13_R
5813024601,VA1v_adPN,VA1v_adPN_R
5813024692,M_adPNm3,M_adPNm3_R
5813024710,DL2d_adPN,DL2d_adPN_R
5813024712,VM5d_adPN,VM5d_adPN_R
5813024799,M_lPNm12,M_lPNm12_R
5813032740,WEDPN4,WEDPN4_R
5813033483,WEDPN6B,WEDPN6B_R
5813034081,M_vPNml58,M_vPNml58_R
5813034571,VM5v_adPN,VM5v_adPN_R
5813038793,DL2v_adPN,DL2v_adPN_R
5813038889,D_adPN,D_adPN_R
5813039235,DM6_adPN,DM6_adPN_R
5813039315,DA1_lPN,DA1_lPN_R
5813039465,DL2v_adPN,DL2v_adPN_R
5813039471,DC3_adPN,DC3_adPN_R
5813040515,VP3+VP1l_ivPN,VP3+VP1l_ivPN
5813041247,M_vPNml65,M_vPNml65_R
5813041468,WEDPN10A,WEDPN10A_R
5813044177,M_lPNm11A,M_lPNm11A_R
5813045696,M_vPNml86,M_vPNml86_R
5813050727,VM7d_adPN,VM7d_adPN_R
5813050729,VA7m_lPN,VA7m_lPN_R
5813054019,WEDPN8A,WEDPN8A_R
5813054697,VA1v_adPN,VA1v_adPN_R
5813054911,M_vPNml74,M_vPNml74_R
5813055025,VA3_adPN,VA3_adPN_R
5813055048,DC2_adPN,DC2_adPN_R
5813055147,VC4_adPN,VC4_adPN_R
5813055162,VA1d_adPN,VA1d_adPN_R
5813055180,VA7m_lPN,VA7m_lPN_R
5813055184,D_adPN,D_adPN_R
5813055629,WEDPN8C,WEDPN8C_R
5813056072,VP1m_l2PN,VP1m_l2PN(lALT)_R
5813056323,WEDPN7A,WEDPN7A_R
5813056596,DC4_adPN,DC4_adPN_R
5813056696,WEDPN8A,WEDPN8A_R
5813062331,WEDPN14,WEDPN14_R
5813063239,VP5+Z_adPN,VP5+Z_adPN(uniAL+SEZ)_R
5813069089,VL2a_adPN,VL2a_adPN_R
5813069447,VP2_l2PN,VP2_l2PN(lALT)_R
5813069532,M_lvPNm34,M_lvPNm34_R
5813070872,DM6_adPN,DM6_adPN_R
5813071369,M_vPNml76,M_vPNml76_R
5813071409,M_vPNml66,M_vPNml66_R
5813077788,VP2+Z_lvPN,VP2+Z_lvPN(uniAL+SEZ)_R
5813077810,VL2a_vPN,VL2a_vPN_R
5813079228,M_lvPNm30,M_lvPNm30_R
5813083723,M_l2PNm17,M_l2PNm17_R
5813090752,M_vPNml81,M_vPNml81_R
5813133489,WEDPN8C,WEDPN8C_R
5901194250,M_lvPNm37,M_lvPNm37_R
5901194556,M_lvPNm37,M_lvPNm37_R
5901203887,WEDPN8A,WEDPN8A_R
5901222731,VP1d+VP4_l2PN2,VP1d+VP4_l2PN2(lALT)_R
5901222910,DM2_lPN,DM2_lPN_R
